<meta>
    <info name="Gamingcore RPG" author="chArry" type="gamemode" />
    
    <assembly ref="System.Data.dll" />
    <assembly ref="System.Xml.dll" />
    <assembly ref="MySql.Data.dll" />
	
	<!--Database-->
	<script src="/database/Database.cs" type="server" lang="csharp" />
  <!--Auto-->
  <script src="/fixcars/cars.cs" type="server" lang="csharp" />
  
  <!--Teleport-->
  <script src="/Teleport/Teleportieren.cs" type="server" lang="csharp" />
	
  <!--ADAC System-->
  <script src="/Fraktionen/ADAC/carsrepair.cs" type="server" lang="csharp" />
  
  <!--Hilfe-->
  <script src="/Commands/Playercommandlist.cs" type="server" lang="csharp" />
  
  <script src="GamingcoreRpg.cs" type="server" lang="csharp" />
	<script src="/configuration_manager/ConfigurationLoader.cs" type="server" lang="csharp" />
	<script src="/login/PlayerConnection.cs" type="server" lang="csharp" />
	<script src="/login/PlayerConnection_Client.js" type="client" lang="javascript" />
	
	<!--Web-->
	<file src="/web/start.html" />
	<file src="/web/styles/styles.css" />
	<file src="/web/images/logo.png" />
	
</meta>